{"cameraMode":{"drawMode":0,"name":"Shaded","section":"Shading Mode"},"sceneLighting":true,"audioPlay":false,"sceneViewState":{"m_AlwaysRefresh":false,"showFog":true,"showSkybox":true,"showFlares":true,"showImageEffects":true,"showParticleSystems":true,"showVisualEffectGraphs":true,"m_FxEnabled":true},"in2DMode":false,"pivot":{"x":3.3379619121551515,"y":-179.9110870361328,"z":167.2651824951172},"rotation":{"x":0.4039166271686554,"y":0.007147013675421476,"z":-0.003144234884530306,"w":0.9147694706916809},"size":136.7138214111328,"orthographic":false}