{"cameraMode":{"drawMode":0,"name":"Shaded","section":"Shading Mode"},"sceneLighting":false,"audioPlay":false,"sceneViewState":{"m_AlwaysRefresh":false,"showFog":true,"showSkybox":true,"showFlares":true,"showImageEffects":true,"showParticleSystems":true,"showVisualEffectGraphs":true,"m_FxEnabled":true},"in2DMode":false,"pivot":{"x":-0.022472381591796876,"y":-0.7125580310821533,"z":0.18661117553710938},"rotation":{"x":0.4039166271686554,"y":0.007147013675421476,"z":-0.003144234884530306,"w":0.9147694706916809},"size":14.574535369873047,"orthographic":false}